Churn,AccountWeeks,ContractRenewal,DataUsage,CustServCalls,DayMins,DayCalls,MonthlyCharge,OverageFee,RoamMins,Cluster
1,-0.9057837881567202,1,-0.4137399764338012,1.8529274025027227,-0.930514606773694,1.822197888777007,-0.6944386848589627,0.5437205586813038,0.8822411725164714,1
1,1.5052992633967182,1,-0.6416419157647673,1.8529274025027227,2.8117352591291467,-1.6662773545626737,1.6862864737015844,2.3028593645129893,-1.732914616131591,0
1,-0.6043984067125404,1,-0.6416419157647673,2.613213877024645,-2.155284312640816,-0.5698994209416312,-1.8452239916823472,-0.6119468630870453,-1.6254424604337254,1
1,-2.236902556201848,1,-0.6416419157647673,-0.4279320210630441,1.2821503041256794,0.8753260370133793,0.4685242442588494,1.0130871907305647,0.5598247054228751,0
1,0.8522976036009953,0,2.454680984111116,-1.1882184955849664,-0.1225705729183211,-0.7692408634181843,1.832417941234713,0.0585768969833276,1.5628981586029536,2
1,0.4504504283420888,1,-0.6416419157647673,2.613213877024645,-0.3796436745995761,0.6759845945368261,-0.5665736507674753,0.5989401624518054,-0.5148968515557808,1
1,-0.3532439221757239,1,-0.6416419157647673,2.613213877024645,-0.5283788262865878,-0.8689115846564609,-0.6883498737117489,0.3701732325454426,-0.1924803844621845,1
1,0.5006813252494522,1,0.592172031647704,1.0926409279808005,0.3419972465485185,1.4235150038239006,0.0240410305122512,-2.4775806190475547,-1.589618408534437,1
1,1.22902933040622,1,-0.6416419157647673,1.8529274025027227,-0.0160688593646581,0.0281249064880283,-0.6883498737117489,-0.6277238927357596,1.2763057434086458,1
1,-0.4788211644441322,1,-0.4766094769388953,-1.1882184955849664,2.213122179499939,0.4268077914411347,0.7790536127667465,-0.3950127054172184,0.524000653523586,0
1,1.07833663968413,1,-0.4766094769388953,1.8529274025027227,-2.1699742041654595,0.825490676394241,-2.204463849367954,-2.4420823023379468,-0.7298411629515125,1
1,0.1239495984442274,1,-0.6416419157647673,0.3323544534588781,0.5660180922993262,-0.2210518966076631,0.0423074639538921,0.9499790721357068,0.7747690168186062,0
1,-0.1774357829999523,1,-0.6416419157647673,1.8529274025027227,-0.4016785118865406,0.2274663489645815,-0.931902319600296,-0.9077661690004452,-0.8014892667500892,1
1,0.6764894644252237,1,-0.6416419157647673,-0.4279320210630441,1.0673106405777737,1.2241735613473474,0.3467480213145759,0.9184250128382776,1.312129795307934,0
1,1.3546065726746284,1,-0.6416419157647673,-1.1882184955849664,0.4338090685775381,-0.0217104541311099,-0.3230212048789284,-0.197799834808285,-0.4790727996564923,0
1,0.4755658767957705,1,-0.6416419157647673,-0.4279320210630441,0.5935616389080322,1.5231857250621772,-0.1403568704625181,0.1650718471121522,-1.7687386680308796,0
1,-0.6043984067125404,1,-0.6416419157647673,0.3323544534588781,1.3225475058184484,-1.417100551466982,0.2858599098424391,0.0940752136929356,-0.1566563325628954,0
1,-1.634131793313488,0,3.6020493683290833,-1.1882184955849664,0.3126174634992323,-0.5698994209416312,3.26937737197714,1.0643625370888878,3.4973969611645344,2
1,-0.6797447520735854,1,-0.4766094769388953,-0.4279320210630441,1.886272093076629,0.6759845945368261,0.7790536127667465,0.3741174899576212,-0.2999525401600497,0
1,1.5304147118504,1,-0.6416419157647673,1.8529274025027227,-2.0028766880726434,0.3769724308219964,-1.8452239916823472,-0.8564908226421226,-0.4074246958579156,1
1,-1.0062455819714469,1,0.7179110326578921,1.8529274025027227,0.1418474745252555,1.174338200728209,0.3650144547562167,-1.073424980311949,-1.3746740971387057,1
1,0.4002195314347255,0,-0.6416419157647673,0.3323544534588781,-0.2327447593531447,-0.719405502799046,-0.7492379851838856,-0.4620650814242557,1.3837778991065108,1
1,-0.4537057159904505,1,-0.6416419157647673,-1.1882184955849664,2.894365898955264,0.974996758251656,1.260069693396627,0.5200550142082316,1.992786781394416,0
1,0.6262585675178604,1,-0.6416419157647673,2.613213877024645,-2.2324062431451925,-0.3207226178459397,-2.0887764375708944,-1.227251019386917,0.5956487573221635,1
1,2.6857253407197557,1,-0.3823052261812542,0.3323544534588781,2.6942161269320017,-1.6662773545626737,1.0956717924218575,-0.4857306258973278,0.1657601345307008,0
1,0.7518358097862686,0,2.289648545285244,1.8529274025027227,2.07724068289699,0.0281249064880283,2.9223151365859605,-0.0242525086724239,1.2763057434086458,2
1,-0.780206545888312,0,-0.6416419157647673,0.3323544534588781,0.8616521592327694,-0.1213811753693865,0.1031955754260288,0.5358320438569466,2.63761971558161,0
1,0.8774130520546769,1,-0.6416419157647673,-0.4279320210630441,1.2931677227691618,1.0248321188707945,0.5903004672031229,1.3049622392317863,0.9897133282143372,0
1,-0.202551231453634,0,-0.6416419157647673,-1.1882184955849664,2.4279618430478447,0.4268077914411347,0.5294123557309861,-1.4126311177593147,0.0941120307321239,0
1,0.952759397415722,1,-0.6416419157647673,2.613213877024645,-0.833194075422933,0.2773017095837198,-0.931902319600296,0.2045144212339387,-0.0133601249657418,1
1,0.9025285005083584,0,-0.6416419157647673,0.3323544534588781,-0.8203404203388704,-0.2708872572268014,-1.2972309884331163,-1.3179689398670265,0.7389449649193177,1
1,0.1741804953515907,1,-0.6416419157647673,-1.1882184955849664,0.3438334829890987,-0.0715458147502482,0.0423074639538921,1.316795011468323,-0.2999525401600497,0
1,-1.709478138674533,1,2.3053659204115178,1.8529274025027227,-0.4108596940894426,-0.0715458147502482,1.1078494147162854,-1.6374537902534985,1.312129795307934,2
1,-0.2276666799073157,0,-0.6416419157647673,-0.4279320210630441,-2.1516118397596555,0.5264785126794113,-1.8452239916823472,-0.4029012202415762,0.0582879788328355,1
1,1.07833663968413,1,0.7414870953473024,0.3323544534588781,0.1840809126586048,-0.2210518966076631,0.2615046652535845,-1.5309588401246743,-1.3388500452394172,1
1,-0.3030130252683606,1,-0.6416419157647673,-0.4279320210630441,2.279226691360833,-0.2708872572268014,1.0774053589802168,1.182690259454248,-1.7687386680308796,0
1,-0.1272048860925891,1,1.5430732267872518,2.613213877024645,-0.1299155186806428,-0.370557978465078,0.6998990678529688,-1.5940669587195333,0.0224639269335471,2
1,0.6513740159715421,1,-0.4373160391232115,-0.4279320210630441,1.5943104990243468,0.2773017095837198,0.8703857799749516,1.2576311502856423,-1.5537943566351482,0
1,0.5006813252494522,1,-0.6416419157647673,-1.1882184955849664,-0.1721489568139915,0.3769724308219964,0.1640836868981656,2.9497175801102906,0.3448803940271434,0
1,0.2997577376199989,1,-0.6416419157647673,-0.4279320210630441,1.6953035032562684,0.5264785126794113,0.8338529130916699,1.332572041117037,-0.6223690072536466,0
1,0.5257967737031338,1,-0.6416419157647673,1.8529274025027227,2.1415089583173033,-0.0715458147502482,0.7729648016195332,0.271566797240976,0.4165284978257209,0
1,-0.9811301335177652,1,-0.6416419157647673,-0.4279320210630441,1.265624176160456,0.4268077914411347,0.2858599098424391,0.3741174899576212,1.061361432012914,0
1,0.6764894644252237,0,1.3544647252719697,0.3323544534588781,0.802892593134197,-0.9685823058947376,1.4670892724018925,-0.2411866663422508,-0.2999525401600497,2
1,-1.1820537211472184,1,-0.6416419157647673,-0.4279320210630441,1.7044846854591704,-0.8689115846564609,0.7120766901473964,0.9420905573113488,-0.2641284882607613,0
1,-0.3783593706294056,1,-0.4058812888706644,4.13378682606849,-0.9452044982983367,1.0248321188707945,-0.8710142081281591,-0.0755278550307469,0.7031209130200288,1
1,-0.3030130252683606,1,-0.6416419157647673,-0.4279320210630441,0.6100877668732558,-1.8656187970392268,-0.2621330934067916,-0.4817863684851493,-0.4074246958579156,0
1,-0.0267430922778624,1,-0.3744465386181174,1.8529274025027227,-1.3363228601419608,-1.8656187970392268,-1.516428189732809,-1.8780534923963972,0.9180652244157604,1
1,-0.930899236610402,0,-0.5001855396283057,0.3323544534588781,1.0360946210879067,-1.1679237483712908,0.2736822875480116,0.3465076880723705,1.061361432012914,0
1,1.455068366489355,0,-0.2958596629867498,-0.4279320210630441,1.4198680371692096,-2.3639724032306098,1.1626487150412088,2.1924201569719863,-0.5148968515557808,0
1,1.3294911242209466,1,-0.6416419157647673,-0.4279320210630441,3.1404215819930377,-1.2675944696095671,1.3818459163409007,0.3070651139505839,-0.0491841768650302,0
1,1.2541447788599016,0,-0.4137399764338012,-1.1882184955849664,0.7018995889022754,-2.1646309607540566,-0.3899981274982789,-1.7084504236727145,0.7747690168186062,0
1,-0.1523203345462707,0,-0.6416419157647673,-0.4279320210630441,-0.2621245424024309,-0.8190762240373226,-0.2012449819346548,1.6796666933887598,0.4523525497250092,0
1,-2.136440762387121,1,-0.6416419157647673,-1.1882184955849664,0.9149030160096008,-1.1180883877521524,0.0423074639538921,0.0940752136929356,0.2015841864299898,0
1,-0.1774357829999523,1,-0.5001855396283057,-0.4279320210630441,1.00304236515746,0.1277956277263049,0.5781228449086954,1.5455619413746853,-2.950932380707401,0
1,-0.8806683397030386,1,-0.6416419157647673,-0.4279320210630441,-0.2290722864719836,-0.4702286997033546,-0.5056855392953387,0.5713303605665545,0.1299360826314123,0
1,0.5257967737031338,1,-0.4137399764338012,1.8529274025027227,-0.416368403411184,1.672691806919592,-0.6335505733868259,-0.3161275571736453,-0.6223690072536466,1
1,0.2997577376199989,1,-0.6416419157647673,0.3323544534588781,1.1003628965082206,-2.6629845669454397,0.5294123557309861,1.6165585747939013,-0.5507209034550697,0
1,3.0875725159786622,0,-0.4373160391232115,-0.4279320210630441,-0.1519503559676073,-0.0715458147502482,-0.6518170068284668,-0.8091597336959786,-1.8762108237287451,1
1,-1.3829773087766717,1,-0.6416419157647673,0.3323544534588781,1.2950039592097426,-0.0217104541311099,0.5294123557309861,1.1748017446298902,1.097185483912203,0
1,-0.0267430922778624,1,-0.3901639137443909,-1.1882184955849664,1.8036414532505112,-1.217759108990429,0.6024780894975504,-0.4778421110729707,-0.6940171110522234,0
1,-0.1020894376389074,1,-0.6416419157647673,-0.4279320210630441,1.407014382085146,1.2241735613473474,0.6511885786752597,1.439066991245861,0.309056342127855,0
1,-0.3281284737220423,1,-0.6416419157647673,-0.4279320210630441,1.5612582430938995,1.174338200728209,0.5903004672031229,0.8750381813043117,1.634546262401531,0
1,-0.7550910974346303,0,-0.6416419157647673,1.0926409279808005,-0.0289225144487211,0.6261492339176878,-0.6883498737117489,-0.6553336946210104,1.2046576396100683,1
1,0.7769512582399503,1,1.5902253521660723,1.0926409279808005,0.8524709770298674,0.1277956277263049,1.588865495346166,-0.3831799331806826,0.0941120307321239,2
1,-0.7299756489809487,1,0.6707589072790715,1.8529274025027227,-1.5272914499623218,-2.06496023951578,0.2675934764007983,2.255528275566845,-1.4463222009372827,1
1,-1.1569382726935369,0,-0.3901639137443909,-0.4279320210630441,0.2226418779107929,-0.4702286997033546,0.1153731977204564,1.08802808156196,1.4554260029050885,0
1,-0.2276666799073157,0,-0.4766094769388953,0.3323544534588781,-0.901134823724408,0.6261492339176878,-0.5604848396202616,1.1748017446298902,-0.2999525401600497,1
1,-0.6546293036199038,0,-0.6416419157647673,1.8529274025027227,0.5788717473833893,-1.9652895182775032,-0.6883498737117489,-1.881997749808576,-0.1924803844621845,1
1,-0.202551231453634,0,-0.6416419157647673,-0.4279320210630441,0.6817009880558912,-1.9652895182775032,-0.0794687589903813,0.1256292729903649,2.601795663682321,0
1,-0.2276666799073157,1,-0.6416419157647673,1.0926409279808005,-0.4732917330691761,1.0746674794899325,-0.0794687589903813,2.5395148092437085,-1.661266512333014,0
1,0.4253349798884072,1,1.3937581630876532,2.613213877024645,-0.1648040110516698,0.6759845945368261,0.94954032488873,-0.0281967660846025,-0.2283044363614729,2
1,-1.0313610304251284,0,2.3289419831009273,-1.1882184955849664,1.5814568439402832,0.6261492339176878,2.7700948579056184,0.2912880843018689,1.3479538472072226,2
1,-0.3281284737220423,1,-0.6416419157647673,1.8529274025027227,-1.955134540617553,-0.719405502799046,-1.7843358802102105,-0.7815499318107278,-0.7298411629515125,1
1,1.2792602273135834,0,2.3682354209166117,5.654359775112334,1.059965694815452,0.974996758251656,2.678762690697414,1.0328084777914586,1.4196019510057991,2
1,-0.8053219943419937,0,-0.6416419157647673,0.3323544534588781,1.8366937091809583,-0.5200640603224929,0.7729648016195332,0.9420905573113488,-0.658193059152935,0
1,-0.1523203345462707,0,1.5430732267872518,2.613213877024645,-0.7891244008490035,-0.4702286997033546,0.7607871793251056,-0.004531221611531,0.0224639269335471,2
1,0.2495268407126356,1,-0.6416419157647673,1.8529274025027227,-0.128079282240062,-2.114795600134918,-0.6883498737117489,-0.3516258738832533,-0.8373133186493776,1
1,-1.433208205684035,1,-0.4766094769388953,1.0926409279808005,1.9891013337491317,0.5763138732985496,1.0226060586552934,1.123526398271568,-0.0133601249657418,0
1,-0.6797447520735854,1,-0.6416419157647673,0.3323544534588781,-0.1042082085125172,-0.2210518966076631,-0.3230212048789284,0.9894216462574934,-0.6940171110522234,0
1,0.802066706693632,0,2.627572110500125,0.3323544534588781,0.7588229185602675,1.822197888777007,2.8188053470833276,1.2615754076978212,1.849490573797262,2
1,-1.433208205684035,1,-0.3823052261812542,0.3323544534588781,0.887359469400895,1.0248321188707945,0.6085669006447637,1.4903423376041838,-0.120832280663607,0
1,0.2997577376199989,1,-0.6416419157647673,-0.4279320210630441,0.5439832550123618,2.519892937444943,0.5903004672031229,2.886609461515432,-1.0164335781458202,0
1,0.0737187015368641,1,-0.6416419157647673,-1.1882184955849664,0.9993698922762988,1.3736796432047622,0.5294123557309861,1.817715702815013,-0.1566563325628954,0
1,-0.0016276438241808,1,-0.6416419157647673,2.613213877024645,-1.6539917643623687,0.8753260370133793,-1.114566654016706,1.1669132298055331,1.1688335877107798,1
1,-0.9811301335177652,0,-0.6416419157647673,-1.1882184955849664,-0.3686262559560939,-0.719405502799046,-0.7492379851838856,-0.067639340206389,1.312129795307934,0
1,0.2746422891663173,1,-0.6416419157647673,0.3323544534588781,2.8594774065842374,-1.1679237483712908,1.1991815819244904,0.2281799657070109,0.8822411725164714,0
1,0.0988341499905457,0,2.1560508567119188,-0.4279320210630441,0.7514779727979458,-0.9187469452755992,2.2099242323619603,0.3307306584236561,1.061361432012914,2
1,0.224411392258954,0,-0.6416419157647673,-1.1882184955849664,2.0845856286593114,-1.0682530271330142,0.5903004672031229,-0.2451309237544294,1.527074106703665,0
1,-0.1523203345462707,0,0.2306724037434131,-1.1882184955849664,0.7422967905950438,0.4268077914411347,0.5355011668781995,-0.3082390423492882,-2.198627290822342,0
1,-0.629513855166222,1,-0.6416419157647673,-1.1882184955849664,2.1984322879752956,1.2241735613473474,0.8947410245638067,0.5082222419716959,1.2404816915093566,0
1,-0.5541675098051771,1,-0.6416419157647673,1.0926409279808005,1.504334913435907,-0.1712165359885248,0.4076361327867126,0.1887373915852236,-1.51797030473586,0
1,-0.5541675098051771,1,-0.6416419157647673,2.613213877024645,-0.407187221208282,-0.7692408634181843,-0.7492379851838856,-0.1346917162134263,-0.2999525401600497,1
1,0.1992959438052723,1,-0.6416419157647673,-0.4279320210630441,1.5594220066533186,-1.566606633324397,0.8947410245638067,2.0504268901335543,-0.2641284882607613,0
1,-0.6546293036199038,0,-0.6416419157647673,-0.4279320210630441,0.7826939922878128,-1.1180883877521524,0.5903004672031229,2.484295205473208,-0.5507209034550697,0
1,0.3499886345273622,0,-0.6416419157647673,-0.4279320210630441,1.2876590134474208,-0.2708872572268014,0.4685242442588494,0.8198185775338108,1.8136665218979735,0
1,0.0486032530831824,1,1.6688122277974398,3.3735003515465674,-1.6998976753768786,-0.4203933390842163,0.1884389314870202,-0.623779635323581,0.2374082383292782,1
1,-0.1774357829999523,1,-0.6416419157647673,1.0926409279808005,1.6787773752910442,0.2274663489645815,0.4685242442588494,0.0309670950980775,0.4523525497250092,0
1,-0.8304374427956753,1,-0.6416419157647673,2.613213877024645,-0.3245565813821643,-0.719405502799046,-0.931902319600296,-0.9077661690004452,0.2732322902285666,1
1,-0.2527821283609973,0,-0.6416419157647673,0.3323544534588781,-0.6385530127214115,-0.5698994209416312,-0.9927904310724328,-0.4975633981338643,2.3152032484880127,1
1,0.5257967737031338,0,-0.6416419157647673,-1.1882184955849664,0.9387740897371464,1.5730210856813154,0.2249717983703023,0.8316513497703466,0.2732322902285666,0
1,1.2039138819525383,0,1.2287257242617813,2.613213877024645,-0.9709118084664624,-0.1712165359885248,0.2127941760758748,-0.6711107242697254,-0.5148968515557808,1
1,0.6513740159715421,0,-0.6416419157647673,-0.4279320210630441,-0.0527935881762659,0.476643152060273,-0.6883498737117489,-0.6513894372088318,-0.9089614224479547,0
1,-1.935517174757668,1,-0.6416419157647673,0.3323544534588781,1.5759481346185429,-0.719405502799046,0.4076361327867126,0.1532390748756157,0.309056342127855,0
1,-0.8053219943419937,0,1.0951280356884563,-0.4279320210630441,1.6842860846127856,-0.1213811753693865,2.057703953681618,1.0328084777914586,-0.7298411629515125,0
1,-0.8304374427956753,0,-0.6416419157647673,-0.4279320210630441,-0.5742847373010977,1.2740089219664856,-0.7492379851838856,0.3622847177210855,1.527074106703665,0
1,-0.6546293036199038,1,-0.6416419157647673,0.3323544534588781,2.475703990502935,0.0779602671071666,0.7120766901473964,-0.6158911204992239,-1.6254424604337254,0
1,0.5006813252494522,0,-0.6416419157647673,1.0926409279808005,-0.2217273407096624,-0.3207226178459397,-1.175454765488843,-2.114708937127117,1.1330095358114916,1
1,-0.3532439221757239,1,-0.6416419157647673,0.3323544534588781,2.6207666693087863,0.2773017095837198,1.01651724750808,0.0704096692198641,-0.2999525401600497,0
1,-0.1272048860925891,1,-0.6416419157647673,-0.4279320210630441,0.0151471601252083,-0.4203933390842163,-0.5665736507674753,-0.197799834808285,0.0224639269335471,0
1,0.8774130520546769,0,-0.6416419157647673,1.0926409279808005,0.364032083835483,-0.5698994209416312,-0.2621330934067916,0.2045144212339387,0.2732322902285666,1
1,-0.202551231453634,1,-0.6416419157647673,1.0926409279808005,1.6181815727518911,0.6759845945368261,0.5294123557309861,0.4332813511403013,0.3807044459264325,0
1,-0.0769739891852258,1,-0.6416419157647673,1.8529274025027227,1.6824498481722048,0.9251613976325176,0.4076361327867126,-0.2096326070448215,0.309056342127855,0
1,0.1992959438052723,1,1.9674423551966365,-0.4279320210630441,-0.2364172322343053,-0.7692408634181843,1.5157997615796015,0.3977830344306934,0.7389449649193177,2
1,-0.1020894376389074,1,-0.6416419157647673,1.8529274025027227,-1.0829222313418667,-0.2210518966076631,-1.2972309884331163,-0.6158911204992239,0.5956487573221635,1
1,-1.9606326232113496,1,-0.6416419157647673,0.3323544534588781,2.604240541343563,0.3271370702028581,1.260069693396627,0.9973101610818506,0.3807044459264325,0
1,-1.0062455819714469,1,-0.6416419157647673,-0.4279320210630441,1.4731188939460405,1.1245028401090709,0.4076361327867126,0.1887373915852236,-0.4432487477572039,0
1,1.5052992633967182,1,-0.5159029147545791,1.8529274025027227,0.2226418779107929,0.6261492339176878,-0.9562575641891504,-2.564354282115485,1.1330095358114916,1
1,0.4253349798884072,1,-0.6416419157647673,2.613213877024645,1.6163453363113114,2.2208807737301135,1.01651724750808,2.2752495626277383,1.4912500548043768,0
1,1.957377335562988,1,-0.6416419157647673,-1.1882184955849664,1.974411442224488,1.1245028401090709,1.0774053589802168,1.715165010098368,0.0941120307321239,0
1,-0.6797447520735854,0,-0.6416419157647673,-0.4279320210630441,-0.991110409312847,0.1277956277263049,-0.9927904310724328,0.1335177878147228,1.3837778991065108,1
1,-0.5039366128978139,1,1.307312599893149,1.8529274025027227,-0.2180548678285013,2.32055149496839,0.8216752907972423,-0.2017440922204643,-0.3716006439586271,2
1,-1.3829773087766717,1,-0.6416419157647673,0.3323544534588781,1.42537674649095,-1.6662773545626737,0.5903004672031229,1.1866345168664267,1.1330095358114916,0
1,-1.3327464118693082,1,2.690441611005219,0.3323544534588781,-0.510016461880784,-1.8656187970392268,2.07597038712326,1.1393034279202825,1.9569627294951273,2
1,0.5257967737031338,1,2.22677904478015,-0.4279320210630441,-0.0895183169878738,0.1277956277263049,1.899394863854063,0.9302577850748132,1.1688335877107798,2
1,0.7016049128789054,1,-0.6416419157647673,-1.1882184955849664,2.8374425692972727,0.8753260370133793,1.0774053589802168,-0.1741342903352135,0.0582879788328355,0
1,-0.202551231453634,1,1.8652794168758589,1.8529274025027227,-0.8368665483040941,0.2274663489645815,0.7668759904723198,-0.7578843873376556,0.5598247054228751,2
1,-0.9560146850640836,1,-0.6416419157647673,1.8529274025027227,1.8036414532505112,0.0779602671071666,0.8338529130916699,1.2891852095830718,1.0255373801136256,0
1,-0.930899236610402,0,-0.6416419157647673,-0.4279320210630441,3.066972124369822,-2.2643016819923334,1.503622139285174,0.957867586960064,1.097185483912203,0
1,0.224411392258954,0,1.118704098377867,-0.4279320210630441,1.6181815727518911,0.1277956277263049,2.07597038712326,1.2300213484003917,-0.6940171110522234,0
1,0.802066706693632,1,-0.6416419157647673,0.3323544534588781,1.7907877981664486,1.8720332493961451,0.6511885786752597,0.5397763012691252,0.9180652244157604,0
1,-0.629513855166222,1,-0.6416419157647673,-0.4279320210630441,1.5355509329257735,2.3703868555875283,0.5294123557309861,0.5792188753909118,0.4165284978257209,0
1,1.5052992633967182,0,-0.6416419157647673,-0.4279320210630441,0.2648753160441416,0.2773017095837198,-0.0794687589903813,0.9539233295478854,0.9538892763150488,0
1,-0.0518585407315441,1,1.3308886625825591,0.3323544534588781,0.6651748600906676,1.2241735613473474,1.5705990619045245,0.6186614495126982,-0.3357765920593381,2
1,0.2746422891663173,1,-0.6416419157647673,2.613213877024645,-1.2463472745535211,-0.4203933390842163,-1.662559657265937,-1.7163389384970718,1.3837778991065108,1
1,0.1741804953515907,1,-0.6416419157647673,1.8529274025027227,-0.4696192601880155,1.1245028401090709,-1.2363428769609797,-1.747892997794501,1.849490573797262,1
1,-0.5290520613514955,1,-0.6416419157647673,-1.1882184955849664,2.6170941964276255,0.6261492339176878,1.0774053589802168,0.4135600640794077,-1.26720194144084,0
1,0.2495268407126356,1,-0.6416419157647673,1.8529274025027227,-0.0527935881762659,1.3736796432047622,-1.0536785425445694,-1.937217353579077,0.0941120307321239,1
1,0.8522976036009953,1,2.093181356206825,0.3323544534588781,0.3970843397659302,-0.0217104541311099,2.1003256317121144,0.8987037257773839,0.9538892763150488,2
1,-0.0769739891852258,1,-0.6416419157647673,-0.4279320210630441,-0.2713057246053328,1.4235150038239006,-0.6274617622396121,0.0309670950980775,0.8105930687178946,0
1,-0.2527821283609973,1,-0.6416419157647673,2.613213877024645,-0.4659467873068544,3.2175879861128793,-0.931902319600296,-0.6435009223844746,0.524000653523586,1
1,1.455068366489355,1,-0.6416419157647673,-0.4279320210630441,0.1712272575745417,0.2274663489645815,-0.1403568704625181,0.8908152109530267,0.0582879788328355,0
1,-0.930899236610402,1,-0.6416419157647673,2.613213877024645,-0.5816296830634193,-1.367265190847844,-0.9927904310724328,-0.7105532983915119,0.7389449649193177,1
1,0.1239495984442274,0,2.415387546295432,-0.4279320210630441,1.662251247325821,0.5264785126794113,2.897959891997106,0.2794553120653332,1.4912500548043768,2
1,0.0988341499905457,1,-0.6416419157647673,3.3735003515465674,-1.3473402787854432,-1.4669359120861205,-1.0536785425445694,0.7724874885876665,-1.7687386680308796,1
1,0.7769512582399503,1,-0.6416419157647673,2.613213877024645,0.2483491880789185,0.2773017095837198,-0.7492379851838856,-1.432352404820208,0.4881766016242976,1
1,1.655991954118808,1,-0.6416419157647673,1.8529274025027227,-0.8846086957591842,0.974996758251656,-0.931902319600296,0.2045144212339387,0.309056342127855,1
1,1.7815691963872162,1,-0.6416419157647673,1.0926409279808005,1.9707389693433277,0.3769724308219964,0.4685242442588494,-0.4462880517755414,1.4912500548043768,0
1,-0.3281284737220423,0,-0.6416419157647673,1.8529274025027227,1.0158960202415226,-0.1213811753693865,0.3467480213145759,1.001254418494029,-1.0880816819443977,0
1,0.4504504283420888,0,1.2051496615723714,2.613213877024645,-0.3631175466343525,-0.2708872572268014,0.8034088573556015,0.1690161045243307,-0.5507209034550697,2
1,-0.5792829582588588,0,-0.6416419157647673,-0.4279320210630441,1.0471120397313896,2.0215393312535603,0.4076361327867126,1.2694639225221782,-0.2641284882607613,0
1,0.0988341499905457,1,-0.6416419157647673,-1.1882184955849664,1.673268665969303,-0.1213811753693865,0.5903004672031229,0.49638946973516,-0.5148968515557808,0
1,-1.935517174757668,1,-0.4608921018126218,-1.1882184955849664,1.1609586990473737,-0.4702286997033546,0.1823501203398065,-0.3358488442345389,1.8136665218979735,0
1,0.1741804953515907,1,1.3937581630876532,1.8529274025027227,-0.3245565813821643,-0.8689115846564609,0.7668759904723198,-0.5764485463774374,-0.2283044363614729,2
1,-0.9811301335177652,1,1.7159643531762607,0.3323544534588781,0.1216488736788713,-0.8190762240373226,1.3818459163409007,-0.0005869641993517,0.309056342127855,2
1,-1.5336699994987617,1,0.9536716595519948,-0.4279320210630441,0.8249274304211616,-1.566606633324397,0.8521193465333108,-1.310080425042669,-0.980609526246532,0
1,-1.1569382726935369,1,1.6923882904868504,1.8529274025027227,-0.9048072966055684,0.6759845945368261,0.8155864796500291,0.1453505600512585,0.2732322902285666,2
1,-1.8350553809429413,1,-0.6416419157647673,3.3735003515465674,-1.066396103376643,-2.6131492063263013,-1.4798953228495266,-1.4836277511785303,-0.6940171110522234,1
1,-1.2574000665082634,1,-0.6416419157647673,-0.4279320210630441,0.9167392524501812,1.4235150038239006,0.7120766901473964,2.661786789021248,-0.2283044363614729,0
1,1.5555301603040814,1,-0.3665878510549807,-1.1882184955849664,1.247261811754652,-1.1679237483712908,0.8034088573556015,1.3522933281779306,-0.2283044363614729,0
1,-1.081591927332492,1,-0.6416419157647673,-1.1882184955849664,-1.2408385652317804,-0.2708872572268014,-1.175454765488843,0.1690161045243307,1.312129795307934,1
1,0.8522976036009953,1,-0.6416419157647673,2.613213877024645,1.5428958786880955,-1.716112715181812,0.6511885786752597,0.993365903669672,-0.658193059152935,0
1,-1.307630963415627,1,-0.6416419157647673,0.3323544534588781,1.5888017897026054,-0.5200640603224929,0.4076361327867126,0.1335177878147228,1.3479538472072226,0
1,1.7564537479335347,1,-0.6416419157647673,-0.4279320210630441,1.6659237202069817,-1.566606633324397,0.5903004672031229,0.5713303605665545,-0.2283044363614729,0
1,-0.4788211644441322,1,-0.6416419157647673,1.0926409279808005,0.173063494015122,-0.9685823058947376,-0.5056855392953387,-0.3279603294101811,0.1299360826314123,1
1,-1.4080927572303532,1,-0.6416419157647673,-0.4279320210630441,-1.8578140092667923,0.2773017095837198,-1.6016715457938002,-0.2687964682275016,-1.0164335781458202,1
1,-2.4880570407386644,0,-0.4294573515600747,0.3323544534588781,-0.8754275135562822,-2.912161370041131,-1.132833087458347,-1.2233067619747384,-0.4074246958579156,1
1,-2.1113253139334396,1,1.480203726282158,3.3735003515465674,-0.4898178610343997,0.7258199551559644,0.7729648016195332,-0.2964062701127517,-0.0850082287643186,1
1,2.308993613914531,1,-0.4137399764338012,0.3323544534588781,-1.523618977081161,-0.4203933390842163,-1.4859841339967403,-1.1523101285555226,0.2374082383292782,1
1,0.6262585675178604,1,-0.6416419157647673,-0.4279320210630441,2.5987318320218216,-0.0715458147502482,0.7729648016195332,-0.6513894372088318,-0.8014892667500892,0
1,-0.1020894376389074,0,-0.3430117883655704,-1.1882184955849664,1.0489482761719695,0.3271370702028581,0.0910179531316013,-0.8564908226421226,-1.052257630045109,0
1,-0.2778975768146789,0,-0.6416419157647673,1.8529274025027227,-0.579793446622839,-0.2210518966076631,-0.7492379851838856,0.3820060047819784,-0.3716006439586271,1
1,0.2495268407126356,1,-0.6416419157647673,-1.1882184955849664,1.921160585447656,-0.5698994209416312,0.3467480213145759,-0.8683235948786587,-0.658193059152935,0
1,-0.0769739891852258,1,-0.6416419157647673,1.8529274025027227,-3.301095851562981,-5.00524651604494,-2.5758813293479883,-0.8170482485203358,-1.2313778895415517,1
1,0.1239495984442274,0,-0.6416419157647673,-0.4279320210630441,-0.8460477305069961,-2.762655288183716,-1.0536785425445694,-0.2609079534031437,0.1657601345307008,1
1,-1.1569382726935369,1,-0.3272944132392968,-1.1882184955849664,1.9450316591752013,1.174338200728209,1.01651724750808,0.5910516476274482,1.634546262401531,0
1,-0.7048602005272671,1,-0.6416419157647673,-0.4279320210630441,0.6982271160211149,-0.4702286997033546,-0.0185806475182446,0.385950262194157,0.0224639269335471,0
1,0.3499886345273622,1,-0.6416419157647673,-0.4279320210630441,1.1976834278589816,-0.1712165359885248,0.4076361327867126,0.9815331314331356,1.2404816915093566,0
1,0.1741804953515907,1,-0.6416419157647673,1.8529274025027227,-1.2445110381129412,0.2274663489645815,-1.2363428769609797,-0.1425802310377842,-2.198627290822342,1
1,-0.9057837881567202,1,-0.6416419157647673,1.8529274025027227,1.2105370829430442,1.9218686100152835,0.4076361327867126,0.8079858052972744,-2.162803238923053,0
1,-0.0016276438241808,1,-0.6416419157647673,1.0926409279808005,1.6512338286823385,-0.7692408634181843,0.4685242442588494,0.1295735304025442,-2.055331083225188,0
1,0.6011431190641787,1,-0.6416419157647673,1.8529274025027227,-0.6716052686518588,-1.0184176665138758,-1.4798953228495266,-2.2251481446681196,-0.5148968515557808,1
1,-0.7048602005272671,1,1.8652794168758589,3.3735003515465674,-1.7898732609653178,0.2274663489645815,0.7059878790001831,1.08802808156196,0.5598247054228751,2
1,-0.5039366128978139,0,-0.6416419157647673,1.0926409279808005,-0.5577586093358741,-1.6164419939435353,-0.931902319600296,-0.5725042889652587,2.7450918712794747,1
1,-0.3030130252683606,0,1.7159643531762607,-1.1882184955849664,-1.233493619469459,0.6759845945368261,0.9556291360359436,1.1984672891029624,0.309056342127855,2
1,0.0234878046295008,1,-0.6416419157647673,-0.4279320210630441,0.2924188626528475,0.7756553157751027,-0.2621330934067916,0.1611275896999736,-0.6940171110522234,0
1,0.802066706693632,1,2.352518045790338,0.3323544534588781,-0.1060444449530974,-1.0184176665138758,1.8141515077930712,0.1650718471121522,1.3837778991065108,2
1,-0.855552891249357,0,2.9419196130255947,-1.1882184955849664,0.0243283423281103,-2.06496023951578,2.3925885667783704,0.2952323417140482,2.3868513522865893,2
1,-0.629513855166222,0,-0.4058812888706644,-0.4279320210630441,1.717338340543233,-1.716112715181812,0.9556291360359436,1.2339656058125703,0.6314728092214519,0
1,0.149065046897909,0,-0.6416419157647673,1.0926409279808005,-0.8533926762693173,0.2773017095837198,-1.0536785425445694,-0.3555701312954318,0.9538892763150488,1
1,0.6262585675178604,1,2.0774639810805517,1.8529274025027227,-0.4843091517126583,-0.5200640603224929,1.0530501143913618,-0.9787628024196612,0.9180652244157604,2
1,-0.8304374427956753,1,-0.4766094769388953,-0.4279320210630441,0.6266138948384794,0.5763138732985496,0.2919487209896529,1.1748017446298902,-0.658193059152935,0
1,1.0532211912304486,1,-0.6416419157647673,-1.1882184955849664,0.7992201202530365,-0.0715458147502482,-0.2012449819346548,-0.6671664668575469,-2.055331083225188,0
1,-0.5039366128978139,1,-0.6416419157647673,-0.4279320210630441,1.4988262041141656,2.0215393312535603,0.4076361327867126,0.2912880843018689,-0.8014892667500892,0
1,0.9276439489620402,0,-0.6416419157647673,1.8529274025027227,-2.4472459066930985,0.1776309883454432,-1.9670002146266208,-0.2964062701127517,-0.2283044363614729,1
1,0.0486032530831824,1,1.8024099163707648,-1.1882184955849664,-0.5485774271329721,-0.8190762240373226,0.9617179471831568,-0.5922255760261517,0.4523525497250092,2
1,0.6513740159715421,0,-0.6416419157647673,0.3323544534588781,1.1462688075227303,0.0779602671071666,0.2858599098424391,0.49638946973516,1.312129795307934,0
1,0.8774130520546769,1,-0.3980226013075277,-0.4279320210630441,1.4621014753025576,-0.0715458147502482,0.3528368324617896,-0.5567272593165438,0.1657601345307008,0
1,0.4253349798884072,0,1.7159643531762607,1.8529274025027227,-0.4273858220546662,1.0746674794899325,1.1382934704523535,0.1611275896999736,0.309056342127855,2
1,0.2997577376199989,1,-0.6416419157647673,2.613213877024645,-2.1773191499277806,0.5264785126794113,-2.2714407719873044,-2.1423187390123677,1.2404816915093566,1
1,3.112687964432344,1,-0.4058812888706644,-1.1882184955849664,-0.2639607788430111,0.2773017095837198,-0.0794687589903813,1.4351227338336825,-0.5507209034550697,0
1,-0.4034748190830872,1,-0.6416419157647673,0.3323544534588781,1.0489482761719695,-0.370557978465078,0.1031955754260288,-0.0636950827942104,0.4165284978257209,0
1,0.0988341499905457,0,-0.6416419157647673,-0.4279320210630441,1.7283557591867147,0.9251613976325176,0.8947410245638067,1.5297849117259703,0.2374082383292782,0
1,-0.0518585407315441,0,-0.6416419157647673,-1.1882184955849664,1.1481050439633111,0.0779602671071666,0.9556291360359436,2.957606094934648,0.3807044459264325,0
1,2.082954577831396,1,-0.6416419157647673,-0.4279320210630441,1.0397670939690675,-1.367265190847844,0.5294123557309861,1.7033322378618314,1.2763057434086458,0
1,1.2039138819525383,1,-0.6416419157647673,1.8529274025027227,-1.1123020143911528,-0.6197347815607694,-1.2972309884331163,-0.6435009223844746,0.7031209130200288,1
1,-0.8806683397030386,1,-0.6416419157647673,1.8529274025027227,-0.4732917330691761,1.6228564463004538,-0.7492379851838856,-0.0400295383211389,-0.2641284882607613,1
1,0.3751040829810439,1,-0.6416419157647673,3.3735003515465674,-0.3741349652778347,-1.0682530271330142,-0.8101260966560224,-0.4226225073024691,-0.1924803844621845,1
1,1.806684644840898,1,-0.6416419157647673,-1.1882184955849664,2.057042082050606,2.1212100524918367,0.7120766901473964,0.2636782824166188,-0.120832280663607,0
1,-0.930899236610402,0,-0.6416419157647673,-0.4279320210630441,0.8359448490646443,1.672691806919592,-0.5056855392953387,-1.8307224034502532,2.530147559883744,0
1,-0.202551231453634,0,-0.6416419157647673,-0.4279320210630441,-0.8882811686403448,-1.1180883877521524,-0.8710142081281591,0.3701732325454426,0.309056342127855,1
1,2.409455407729258,0,-0.5473376650071261,2.613213877024645,-0.963566862704141,-1.0184176665138758,-0.8588365858337317,0.4214485789037649,1.2404816915093566,1
1,-0.629513855166222,0,-0.3744465386181174,-0.4279320210630441,1.1242339702357658,0.974996758251656,0.4928794888477044,0.6068286772761625,-0.120832280663607,0
1,-0.4788211644441322,1,-0.6416419157647673,-1.1882184955849664,2.754811929471155,-1.367265190847844,1.0774053589802168,0.1453505600512585,0.1299360826314123,0
1,-0.1523203345462707,1,-0.6416419157647673,0.3323544534588781,1.638380173598276,0.974996758251656,0.5903004672031229,0.646271251397949,-1.052257630045109,0
1,-0.5541675098051771,1,-0.3980226013075277,-0.4279320210630441,1.6255265185142134,0.6759845945368261,0.5355011668781995,-0.3042947849371096,-1.4104981490379942,0
1,-0.0518585407315441,1,-0.6416419157647673,4.13378682606849,-1.1802427626926275,-1.2675944696095671,-1.0536785425445694,0.3386191732480133,0.4523525497250092,1
1,-1.6843626902208515,1,-0.4137399764338012,0.3323544534588781,2.0919305744216325,-0.5698994209416312,1.2539808822494138,1.4114571893606107,0.2732322902285666,0
1,0.9778748458694037,1,-0.6416419157647673,1.8529274025027227,-1.0921034135447687,0.3769724308219964,-0.931902319600296,0.776431745999845,-0.9089614224479547,1
1,1.07833663968413,1,-0.6416419157647673,-0.4279320210630441,1.8128226354534132,-0.2708872572268014,0.7120766901473964,0.7843202608242021,0.4881766016242976,0
1,-1.282515514961945,1,-0.6416419157647673,2.613213877024645,-0.8937898779620862,1.4235150038239006,-1.2363428769609797,-0.7973269614594428,-1.661266512333014,1
1,-0.629513855166222,1,-0.3587291634918439,2.613213877024645,-0.9194971881302118,-0.8190762240373226,-0.8953694527170137,-0.4620650814242557,-0.980609526246532,1
1,0.1992959438052723,0,-0.6416419157647673,0.3323544534588781,1.627362754954793,-0.7692408634181843,0.1640836868981656,-0.9945398320683758,-0.1924803844621845,0
1,-0.780206545888312,1,-0.6416419157647673,-1.1882184955849664,0.9736625821081738,-0.2708872572268014,0.5903004672031229,2.018872830836125,0.9538892763150488,0
1,0.3499886345273622,1,-0.6416419157647673,-0.4279320210630441,1.957885314259264,1.2241735613473474,0.6511885786752597,0.0940752136929356,-1.195553837642263,0
1,-0.5290520613514955,1,-0.6416419157647673,0.3323544534588781,1.6328714642765343,0.974996758251656,0.9556291360359436,1.9715417418899812,-1.589618408534437,0
1,-1.0313610304251284,1,-0.6416419157647673,-0.4279320210630441,-0.0087239136023364,2.32055149496839,-0.4447974278232018,0.1571833322877943,1.1688335877107798,0
1,-1.9606326232113496,1,-0.6416419157647673,-0.4279320210630441,-1.224312437266557,-1.3174298302287055,-1.3581190999052533,-0.6356124075601175,-1.195553837642263,1
1,2.0076082324703513,0,-0.4766094769388953,-1.1882184955849664,-0.3392464729068072,-0.8689115846564609,-0.9867016199252188,-1.5112375530637814,1.3837778991065108,1
1,-1.1820537211472184,0,-0.3430117883655704,0.3323544534588781,0.1969345677426673,0.3769724308219964,0.1519060646037381,1.159024714981176,-0.1924803844621845,0
1,-0.6043984067125404,1,-0.6416419157647673,-1.1882184955849664,1.2013559007401422,-0.6695701421799077,0.4685242442588494,1.0485855074401735,-0.980609526246532,0
1,0.2495268407126356,1,-0.6416419157647673,1.8529274025027227,-0.8662463313533803,1.2241735613473474,-0.8710142081281591,0.3977830344306934,0.8822411725164714,1
1,0.3499886345273622,0,-0.6416419157647673,0.3323544534588781,-1.060887394054902,0.476643152060273,-0.9927904310724328,0.3780617473697998,0.2015841864299898,1
1,1.2039138819525383,1,-0.6416419157647673,1.0926409279808005,1.1517775168444715,-0.8689115846564609,0.4076361327867126,0.8750381813043117,-0.0850082287643186,0
1,-1.2574000665082634,0,-0.6416419157647673,-1.1882184955849664,-0.4806366788314977,0.3769724308219964,-0.6274617622396121,0.6304942217492346,1.3837778991065108,0
1,-1.1820537211472184,1,-0.6416419157647673,-0.4279320210630441,1.9615577871404255,-1.367265190847844,0.7120766901473964,0.4372256085524799,0.4523525497250092,0
1,0.6011431190641787,0,-0.6416419157647673,-1.1882184955849664,0.138175001644095,0.8753260370133793,-0.6274617622396121,-0.7933827040472643,-0.2283044363614729,0
1,0.4002195314347255,0,-0.6416419157647673,-0.4279320210630441,-2.3058557007684084,-0.0217104541311099,-1.2972309884331163,2.0149285734239464,-0.5865449553543582,1
1,-0.1020894376389074,1,-0.3272944132392968,-1.1882184955849664,1.768752960879484,-0.9187469452755992,0.7729648016195332,0.0033572932128268,-0.4790727996564923,0
1,-0.6043984067125404,1,1.8024099163707648,1.8529274025027227,-0.8056505288142272,0.825490676394241,1.144382281599567,0.8592611516555974,0.4523525497250092,2
1,-0.5290520613514955,0,-0.6416419157647673,0.3323544534588781,0.1712272575745417,1.0746674794899325,-0.2621330934067916,0.4372256085524799,1.312129795307934,0
1,0.4504504283420888,1,-0.6416419157647673,0.3323544534588781,1.9707389693433277,0.7258199551559644,0.4076361327867126,-0.8209925059325147,1.312129795307934,0
1,1.5304147118504,1,1.3308886625825591,-0.4279320210630441,-0.0013789678400152,2.171045413110975,1.144382281599567,0.3386191732480133,-0.3357765920593381,2
1,-0.4034748190830872,1,-0.6416419157647673,2.613213877024645,-0.2566158330806895,-0.2210518966076631,-0.6883498737117489,-0.2175211218691786,0.2374082383292782,1
1,0.149065046897909,1,-0.6416419157647673,-0.4279320210630441,0.7808577558472325,0.0281249064880283,0.4076361327867126,1.6757224359765814,0.6672968611207403,0
1,0.4504504283420888,0,0.9929650973676788,-1.1882184955849664,-0.598155811028643,0.1277956277263049,0.2127941760758748,-0.8052154762838,-0.9089614224479547,2
1,0.802066706693632,0,-0.6416419157647673,-1.1882184955849664,1.3757983625952794,0.1277956277263049,0.5294123557309861,1.0091429333183863,-0.8014892667500892,0
1,1.1285675365914931,1,-0.6416419157647673,4.13378682606849,-0.5595948457764544,-0.8689115846564609,-0.8710142081281591,-0.2727407256396802,-0.8373133186493776,1
1,0.4504504283420888,1,-0.6416419157647673,0.3323544534588781,-1.7972182067276394,-1.2675944696095671,-1.2363428769609797,1.0406969926158156,-0.4790727996564923,1
1,-0.0016276438241808,1,-0.6416419157647673,-0.4279320210630441,1.087509241424158,2.7690697405406346,0.4685242442588494,1.419345704184968,1.1688335877107798,0
1,-1.5587854479524432,1,-0.6416419157647673,-0.4279320210630441,2.1231465939114993,1.2740089219664856,0.8338529130916699,0.6147171921005197,0.4523525497250092,0
1,-1.1318228242398551,1,-0.5159029147545791,1.8529274025027227,-0.3208841085010032,-0.0715458147502482,-0.834481341244877,-1.022149633953627,1.634546262401531,1
1,-0.629513855166222,1,-0.6416419157647673,-1.1882184955849664,1.7063209218997502,-0.1712165359885248,0.6511885786752597,0.697546597756272,-0.9089614224479547,0
1,0.0988341499905457,0,2.4782570468005263,-1.1882184955849664,-0.4347307678169879,-0.5698994209416312,1.1809151484828495,-1.8504436905111463,1.598722210502242,2
1,-0.2527821283609973,1,-0.6416419157647673,-0.4279320210630441,-0.49165409747498,1.1245028401090709,-1.114566654016706,-1.1799199304407737,0.0224639269335471,1
1,1.153682985045175,0,-0.6416419157647673,-1.1882184955849664,0.8341086126240636,0.5264785126794113,-0.1403568704625181,-0.3161275571736453,-0.120832280663607,0
1,-0.8304374427956753,1,-0.6416419157647673,0.3323544534588781,1.2876590134474208,1.323844282585624,0.5294123557309861,1.0564740222645306,-0.4790727996564923,0
1,1.455068366489355,1,-0.6416419157647673,0.3323544534588781,1.763244251557743,0.1277956277263049,0.4076361327867126,-0.2254096366935358,-1.0164335781458202,0
1,-0.202551231453634,0,2.3289419831009273,-0.4279320210630441,0.8432897948269655,0.825490676394241,1.8567731858235672,-1.605899730956069,1.3479538472072226,2
1,1.8318000932945795,1,2.4389636089848428,1.8529274025027227,-0.2198911042690816,-0.4702286997033546,1.759352207468149,0.0861866988685784,1.527074106703665,2
1,0.0486032530831824,1,-0.6416419157647673,4.894073300590412,-0.5357237720489095,1.2241735613473474,-0.9927904310724328,-0.6277238927357596,0.0582879788328355,1
1,-0.0267430922778624,1,-0.6416419157647673,3.3735003515465674,-2.001040451632063,-0.3207226178459397,-1.5407834343216635,0.2873438268896903,-0.2641284882607613,1
1,0.4504504283420888,1,-0.6416419157647673,-0.4279320210630441,1.4749551303866213,0.0281249064880283,0.6511885786752597,1.095916596386317,-0.0850082287643186,0
1,0.0988341499905457,1,-0.6416419157647673,-1.1882184955849664,1.8642372557896645,1.174338200728209,1.0774053589802168,1.983374514126517,-0.5507209034550697,0
1,0.1741804953515907,0,2.2424964199064235,1.0926409279808005,-0.9121522423678902,-0.5200640603224929,1.059138925538576,-0.6711107242697254,1.2046576396100683,2
1,0.2997577376199989,1,-0.6416419157647673,0.3323544534588781,-0.9378595525360156,-0.0217104541311099,-0.8710142081281591,0.516110756796053,-0.3716006439586271,1
1,-1.2322846180545817,1,-0.6416419157647673,1.8529274025027227,-0.4549293686633721,0.476643152060273,-1.114566654016706,-1.3337459695157412,-1.1597297857429745,1
1,-0.7550910974346303,1,-0.6416419157647673,-1.1882184955849664,1.069146877018354,-0.9187469452755992,0.5294123557309861,1.5297849117259703,0.5598247054228751,0
1,0.952759397415722,1,-0.6416419157647673,-0.4279320210630441,1.0434395668502283,0.4268077914411347,-0.0794687589903813,-0.6119468630870453,0.309056342127855,0
1,0.2997577376199989,1,1.2051496615723714,2.613213877024645,-0.403514748327121,-0.8689115846564609,0.4989682999949177,-0.7776056743985492,-0.5507209034550697,1
1,-1.307630963415627,0,-0.4373160391232115,0.3323544534588781,1.0654744041371935,-0.4203933390842163,0.3223927767257212,0.1571833322877943,1.9211386775958388,0
1,0.1239495984442274,0,-0.6416419157647673,1.0926409279808005,0.4448264872210204,-0.8190762240373226,-0.4447974278232018,-0.639556664972296,1.097185483912203,1
1,0.2746422891663173,1,-0.6416419157647673,1.0926409279808005,1.7026484490185896,0.9251613976325176,0.5903004672031229,0.49638946973516,2.2077310927901466,0
1,-0.7048602005272671,1,-0.6416419157647673,-0.4279320210630441,1.957885314259264,0.4268077914411347,0.4685242442588494,-0.4502323091877199,0.1657601345307008,0
1,-0.202551231453634,1,-0.4137399764338012,-0.4279320210630441,2.7235959099812885,0.2773017095837198,0.94954032488873,-0.970874287595304,-0.5507209034550697,0
1,1.3294911242209466,0,-0.3587291634918439,-1.1882184955849664,-0.6220268847561878,-1.566606633324397,-0.59092889535633,0.14140630263908,1.4912500548043768,0
1,1.5304147118504,1,-0.3823052261812542,0.3323544534588781,0.6945546431399537,-0.6695701421799077,0.4867906777004902,1.5376734265503276,0.0582879788328355,0
1,0.8774130520546769,1,-0.2880009754236131,-0.4279320210630441,1.653070065122919,0.2773017095837198,0.8642969688277383,0.5476648160934824,-0.0491841768650302,0
1,-0.1774357829999523,1,-0.4215986639969379,1.0926409279808005,1.6420526464794365,0.1776309883454432,0.5781228449086954,-0.1425802310377842,-0.4790727996564923,0
1,-1.2071691696009,1,-0.3980226013075277,-1.1882184955849664,1.495153731233005,0.9251613976325176,0.7790536127667465,0.9815331314331356,-0.1566563325628954,0
1,-0.1523203345462707,0,-0.6416419157647673,1.8529274025027227,0.9020493609255384,1.672691806919592,0.2858599098424391,1.080139566737602,-0.0491841768650302,0
1,-0.7550910974346303,1,-0.6416419157647673,1.0926409279808005,2.0313347718824795,0.3769724308219964,0.8947410245638067,1.0446412500279942,-0.0491841768650302,0
1,-0.6797447520735854,1,-0.3901639137443909,0.3323544534588781,2.1727249778071704,0.5763138732985496,0.9069186468582342,0.0073015506250054,-0.1924803844621845,0
1,0.6764894644252237,0,2.2424964199064235,-1.1882184955849664,0.7771852829660715,-0.5698994209416312,1.9724605976206273,-0.7973269614594428,1.2046576396100683,2
1,0.5509122221568155,1,-0.6416419157647673,0.3323544534588781,1.0360946210879067,1.7225271675387304,0.4685242442588494,1.439066991245861,-0.0491841768650302,0
1,1.22902933040622,1,-0.6416419157647673,1.8529274025027227,-0.7927968737301646,0.5763138732985496,-0.8710142081281591,0.1650718471121522,0.7031209130200288,1
1,-1.0313610304251284,1,-0.6416419157647673,0.3323544534588781,2.020317353238998,0.0281249064880283,0.8947410245638067,1.0761953093254235,0.524000653523586,0
1,0.9276439489620402,0,-0.6416419157647673,-1.1882184955849664,0.3016000448557495,1.4235150038239006,-0.4447974278232018,-0.4817863684851493,1.7778424699986846,0
1,-1.6090163448598065,0,-0.6416419157647673,-1.1882184955849664,-0.1262430457994817,0.9251613976325176,-0.6883498737117489,-0.3555701312954318,-0.1566563325628954,0
1,0.2495268407126356,1,-0.6416419157647673,-1.1882184955849664,1.285822777006841,0.4268077914411347,0.4685242442588494,0.8158743201216315,0.4881766016242976,0
1,-0.2276666799073157,0,-0.6416419157647673,1.0926409279808005,1.3317286880213504,0.974996758251656,0.2858599098424391,0.1177407581660078,0.6314728092214519,0
1,-0.0267430922778624,1,-0.6416419157647673,-0.4279320210630441,-1.529127686402902,-0.719405502799046,-1.2972309884331163,0.1808488767608665,0.8105930687178946,1
1,0.6262585675178604,1,-0.6416419157647673,1.0926409279808005,1.285822777006841,-0.2210518966076631,0.5294123557309861,1.202411546515141,0.8822411725164714,0
1,2.786187134534482,1,-0.4608921018126218,0.3323544534588781,0.8487985041487068,1.323844282585624,0.6694550121169005,2.042538375309197,0.846417120617183,0
1,1.7815691963872162,1,-0.6416419157647673,0.3323544534588781,1.65674253800408,0.0779602671071666,0.7120766901473964,1.095916596386317,0.6314728092214519,0
1,1.6308765056651264,0,-0.6416419157647673,-1.1882184955849664,-2.425211069406134,-0.5698994209416312,-1.5407834343216635,1.2497426354612853,1.061361432012914,1
1,-0.1774357829999523,0,-0.6416419157647673,-0.4279320210630441,-1.6576642372435295,-0.3207226178459397,-0.6883498737117489,2.7406719372648207,-0.8373133186493776,1
1,0.3499886345273622,0,-0.6416419157647673,1.0926409279808005,1.3133663236155466,-1.566606633324397,0.5294123557309861,1.017031448142744,-0.120832280663607,0
1,-1.35786186032299,0,-0.6416419157647673,-1.1882184955849664,-2.4233748329655533,0.974996758251656,-1.9670002146266208,-0.4344552795390056,1.097185483912203,1
1,-1.50855455104508,1,-0.6416419157647673,1.0926409279808005,0.9608089270241108,-1.3174298302287055,0.7120766901473964,2.488239462885386,0.2374082383292782,0
1,1.655991954118808,1,-0.6416419157647673,1.8529274025027227,-0.1941837941009565,1.174338200728209,-0.7492379851838856,-0.544894487080008,0.7747690168186062,1
1,-0.1020894376389074,0,-0.6416419157647673,1.8529274025027227,-0.6385530127214115,0.1277956277263049,-0.3839093163510651,1.8413812472880853,0.2732322902285666,1
1,-0.7550910974346303,1,-0.6416419157647673,-1.1882184955849664,1.8201675812157343,0.476643152060273,0.4685242442588494,-0.2135768644570001,0.524000653523586,0
1,-0.0769739891852258,1,-0.4844681645020321,-1.1882184955849664,0.687209697377632,1.0248321188707945,0.5294123557309861,2.018872830836125,0.7747690168186062,0
1,-2.211787107748166,1,-0.6416419157647673,-1.1882184955849664,2.2663730362767702,1.6228564463004538,0.6511885786752597,-0.6001140908505096,0.4523525497250092,0
1,0.3751040829810439,1,-0.3823052261812542,2.613213877024645,-0.8533926762693173,-0.3207226178459397,-0.5483072173258345,0.922369270250456,0.3807044459264325,1
1,-0.3281284737220423,1,-0.6416419157647673,1.8529274025027227,-0.2400897051154664,-1.9652895182775032,-0.7492379851838856,-0.4265667647146477,-1.2313778895415517,1
1,-1.0062455819714469,1,-0.6416419157647673,-0.4279320210630441,1.6034916812272488,0.1776309883454432,0.2858599098424391,-0.4068454776537548,2.530147559883744,0
1,-0.5290520613514955,0,-0.6416419157647673,-0.4279320210630441,1.7760979066418054,1.0746674794899325,0.4685242442588494,-0.1070819143281762,-1.0880816819443977,0
1,-1.8099399324892596,1,-0.6416419157647673,0.3323544534588781,2.4499966803348094,0.1277956277263049,0.9556291360359436,0.3031208565384053,0.9180652244157604,0
1,-0.0769739891852258,1,-0.3430117883655704,2.613213877024645,0.8689971049950911,0.7756553157751027,-0.2134226042290824,-1.5861784438951758,-1.9836829794266104,1
1,0.2997577376199989,1,-0.6416419157647673,1.0926409279808005,1.203192137180723,0.3769724308219964,0.4685242442588494,1.1629689723933545,0.1657601345307008,0
1,0.5760276706104971,1,-0.6416419157647673,1.8529274025027227,-0.6697690322112779,0.974996758251656,-0.7492379851838856,0.5871073902152689,-0.8731373705486664,1
1,0.224411392258954,1,-0.6416419157647673,0.3323544534588781,1.6769411388504645,0.3769724308219964,0.6511885786752597,0.7093793699928077,-0.1566563325628954,0
1,-0.4788211644441322,1,-0.3980226013075277,3.3735003515465674,-0.2327447593531447,-1.1679237483712908,-0.8040372855088086,-1.3653000288131707,-0.2999525401600497,1
1,0.5760276706104971,0,-0.6416419157647673,1.0926409279808005,-0.403514748327121,-1.4669359120861205,-0.6883498737117489,0.0427998673346133,-0.0850082287643186,1
1,0.4755658767957705,0,-0.6416419157647673,-0.4279320210630441,0.0022935050411458,-1.417100551466982,-0.6274617622396121,-0.6119468630870453,1.2763057434086458,0
1,-0.8304374427956753,0,2.22677904478015,-0.4279320210630441,0.288746389771687,0.6261492339176878,1.716730529437653,-0.5803928037896159,1.1688335877107798,2
1,0.0234878046295008,1,-0.6416419157647673,0.3323544534588781,1.715502104102652,-0.7692408634181843,0.5294123557309861,0.2005701638217601,1.0255373801136256,0
1,0.0988341499905457,1,-0.6416419157647673,0.3323544534588781,1.726519522746135,-0.1712165359885248,0.9556291360359436,1.750663326807976,-1.589618408534437,0
1,1.3043756757672649,1,-0.6416419157647673,-0.4279320210630441,-0.3722987288372544,0.1277956277263049,-0.3230212048789284,1.4706210505432902,-0.0491841768650302,0
1,0.2746422891663173,1,-0.6416419157647673,1.8529274025027227,-0.1005357356313561,1.1245028401090709,-0.8710142081281591,-1.1996412175016666,-0.4432487477572039,1
1,-1.4834391025913982,1,-0.6416419157647673,-0.4279320210630441,2.279226691360833,0.2773017095837198,0.9556291360359436,0.6147171921005197,-1.589618408534437,0
1,-0.0016276438241808,1,1.2287257242617813,-0.4279320210630441,-1.0296713745650352,1.2241735613473474,0.2127941760758748,-0.5606715167287223,-0.5148968515557808,2
1,-1.2071691696009,1,-0.6416419157647673,5.654359775112334,0.896540651603797,0.825490676394241,-0.3230212048789284,-1.345578741752277,-0.0491841768650302,1
1,0.4755658767957705,0,-0.6416419157647673,0.3323544534588781,0.4081017584094125,1.1245028401090709,-0.3230212048789284,-0.3279603294101811,-1.0164335781458202,0
1,0.1741804953515907,1,1.2915952247668756,3.3735003515465674,0.5458194914529421,0.3769724308219964,0.8094976685028149,-1.8031126015650023,-0.4074246958579156,1
1,1.5052992633967182,1,-0.6416419157647673,-0.4279320210630441,2.169052504926009,2.0215393312535603,0.8947410245638067,0.7330449144658799,-0.4790727996564923,0
1,0.726720361332587,1,-0.453033414249485,-1.1882184955849664,0.6064152939920952,0.0779602671071666,-0.0551135144015267,-0.2214653792813572,0.1299360826314123,0
1,0.149065046897909,1,-0.6416419157647673,-0.4279320210630441,2.1139654117085973,-1.4669359120861205,0.6511885786752597,-0.1623015180986771,1.061361432012914,0
1,0.6262585675178604,0,-0.6416419157647673,-0.4279320210630441,1.1003628965082206,-0.6695701421799077,0.5294123557309861,1.592893030320829,0.4165284978257209,0
1,-0.6043984067125404,1,2.6039960478107145,2.613213877024645,-0.6752777415330193,0.0281249064880283,1.7045529071432253,0.220291450882653,1.8136665218979735,2
1,-0.2276666799073157,1,0.7179110326578921,-0.4279320210630441,0.39524810332535,1.4733503644430388,0.791231235061174,0.054632639571149,-1.3746740971387057,0
1,0.952759397415722,0,2.20320298209074,-0.4279320210630441,0.4356453050181184,-0.9187469452755992,1.942016541884559,-0.0124197364358882,1.1330095358114916,2
1,-0.3030130252683606,1,-0.6416419157647673,-0.4279320210630441,2.6905436540508414,0.5763138732985496,0.8338529130916699,-0.7066090409793334,-0.980609526246532,0
1,0.3248731860736806,1,-0.6416419157647673,2.613213877024645,-0.5999920474692233,0.9251613976325176,-1.0536785425445694,-0.789438446635085,-0.4432487477572039,1
1,-1.6090163448598065,1,-0.6416419157647673,0.3323544534588781,1.1040353693893816,0.974996758251656,0.4685242442588494,1.1945230316907838,-0.4790727996564923,0
1,-0.0267430922778624,0,-0.6416419157647673,0.3323544534588781,-0.3649537830749328,-0.3207226178459397,-0.8101260966560224,-0.414733992478112,0.4881766016242976,1
1,0.7769512582399503,1,-0.6416419157647673,1.8529274025027227,0.3309798279050363,-1.716112715181812,-0.6274617622396121,-1.321913197279205,0.2374082383292782,1
1,-1.5336699994987617,1,-0.6416419157647673,3.3735003515465674,-1.8008906796088002,1.1245028401090709,-1.4798953228495266,0.1808488767608665,0.3807044459264325,1
1,-0.6546293036199038,1,-0.6416419157647673,1.8529274025027227,-1.2995981313303528,-0.6197347815607694,-0.931902319600296,1.1511362001568188,1.097185483912203,1
1,0.0988341499905457,1,1.118704098377867,1.8529274025027227,-1.288580712686871,0.3769724308219964,0.3711032659034305,0.9539233295478854,-0.6940171110522234,1
1,2.032723680924033,1,-0.6416419157647673,0.3323544534588781,1.8311849998592171,0.8753260370133793,0.5294123557309861,0.0427998673346133,0.1657601345307008,0
1,1.2792602273135834,0,0.2699658415590967,-0.4279320210630441,-0.6055007567909642,1.3736796432047622,0.3223927767257212,1.6678339211522235,-2.126979187023765,0
1,0.7016049128789054,1,-0.4608921018126218,-0.4279320210630441,-0.7707620364431995,0.974996758251656,-0.670083440270108,0.4885009549108022,-0.0133601249657418,1
1,0.3751040829810439,0,1.841703354186449,1.0926409279808005,-0.3208841085010032,-0.4702286997033546,1.6619312291127293,1.5455619413746853,0.524000653523586,2
1,1.0532211912304486,1,-0.6416419157647673,1.8529274025027227,-0.2198911042690816,-1.417100551466982,-0.5665736507674753,0.1966259064095815,0.0941120307321239,1
1,-2.010863520118713,1,-0.6416419157647673,2.613213877024645,-1.6007409075855374,-0.2708872572268014,-1.6016715457938002,-0.7697171595741921,0.3807044459264325,1
1,0.2495268407126356,1,-0.6416419157647673,2.613213877024645,-1.0406887932085176,-0.6197347815607694,-0.9927904310724328,0.2557897675922609,0.6314728092214519,1
1,-1.1067073757861734,0,-0.6416419157647673,-1.1882184955849664,-1.1894239448955293,-1.7659480758009505,-1.6016715457938002,-1.5506801271855677,-1.3746740971387057,1
1,-0.2276666799073157,1,-0.6416419157647673,0.3323544534588781,0.0904328541890043,-2.015124878896642,-0.1403568704625181,1.202411546515141,0.7389449649193177,0
1,0.6011431190641787,1,-0.3901639137443909,0.3323544534588781,-1.2261486737071372,0.3769724308219964,-1.163277143194415,-0.6277238927357596,-0.3716006439586271,1
1,0.4504504283420888,1,-0.6416419157647673,-1.1882184955849664,2.1011117566245345,-0.0217104541311099,0.8338529130916699,0.6226057069248775,-0.4432487477572039,0
1,0.9276439489620402,0,1.629518789981756,1.0926409279808005,0.5770355109428085,0.825490676394241,2.167302554331465,2.200308671796344,0.1657601345307008,2
1,-2.061094417026076,1,-0.6416419157647673,-0.4279320210630441,1.4621014753025576,0.7756553157751027,0.7120766901473964,1.3562375855901092,-0.2641284882607613,0
1,-1.081591927332492,1,-0.6416419157647673,0.3323544534588781,1.23808062955175,0.7756553157751027,0.7120766901473964,2.026761345660482,-0.3357765920593381,0
1,1.2792602273135834,1,-0.6416419157647673,-0.4279320210630441,2.5344635566015077,-2.015124878896642,0.7120766901473964,-0.9472087431222318,0.0582879788328355,0
1,0.5760276706104971,1,-0.6416419157647673,-0.4279320210630441,2.4279618430478447,0.5763138732985496,0.7729648016195332,-0.414733992478112,0.9180652244157604,0
1,0.7518358097862686,1,-0.6416419157647673,-0.4279320210630441,-0.8846086957591842,-0.2708872572268014,-1.114566654016706,-0.4265667647146477,1.8853146256965505,1
1,0.5509122221568155,1,-0.6416419157647673,1.8529274025027227,-1.0388525567679372,0.1776309883454432,-1.114566654016706,-0.2175211218691786,0.9538892763150488,1
1,0.5257967737031338,1,-0.6416419157647673,-0.4279320210630441,0.9442827990588872,2.0215393312535603,0.4076361327867126,1.316795011468323,-0.5148968515557808,0
1,0.3499886345273622,0,-0.6416419157647673,-0.4279320210630441,3.039428577761116,-0.9685823058947376,1.1991815819244904,0.0467441247467919,0.5598247054228751,0
1,-1.9104017263039863,1,-0.6416419157647673,-0.4279320210630441,1.5630944795344794,-1.0184176665138758,0.7729648016195332,1.5810602580842932,-0.658193059152935,0
1,-0.1020894376389074,1,-0.6416419157647673,-1.1882184955849664,0.8322723761834833,-0.5200640603224929,0.4076361327867126,1.549506198786864,-0.5148968515557808,0
1,-0.3783593706294056,0,-0.6416419157647673,0.3323544534588781,-0.3190478720604229,1.5231857250621772,-0.8710142081281591,-0.6711107242697254,0.4165284978257209,1
1,1.1034520881378118,1,-0.6416419157647673,-0.4279320210630441,0.8157462482182596,-0.5698994209416312,0.5294123557309861,2.2476397607424876,2.100258937092282,0
1,0.6011431190641787,0,-0.4058812888706644,-1.1882184955849664,2.178233687128911,-1.1180883877521524,1.260069693396627,1.3720146152388235,0.7031209130200288,0
1,1.153682985045175,0,1.7159643531762607,1.0926409279808005,-0.4090234576488623,0.4268077914411347,1.01651724750808,-0.2254096366935358,0.309056342127855,2
1,0.0988341499905457,1,-0.6416419157647673,-1.1882184955849664,0.8653246321139305,0.2773017095837198,-0.0794687589903813,-0.3713471609441469,0.4881766016242976,0
1,1.002990294323085,1,0.7807805331629862,-0.4279320210630441,2.6189304328682055,-0.4203933390842163,2.483920733986575,1.6205028322060795,-1.26720194144084,0
1,-0.2527821283609973,0,-0.6416419157647673,0.3323544534588781,1.2233907380271072,0.476643152060273,0.1031955754260288,-0.3752914183563254,0.6672968611207403,0
1,0.3751040829810439,1,-0.6416419157647673,-1.1882184955849664,1.9872650973085504,0.974996758251656,0.8947410245638067,1.080139566737602,1.1330095358114916,0
1,-0.3281284737220423,1,-0.3351531008024336,1.8529274025027227,2.2351570167869035,1.7723625281578683,1.3148689937215503,1.1195821408593891,1.1330095358114916,0
1,-1.282515514961945,0,-0.3744465386181174,0.3323544534588781,-1.47220435674491,0.3769724308219964,-0.5422184061786208,2.125367780964949,1.2404816915093566,1
1,2.1834163716461226,0,2.415387546295432,-0.4279320210630441,0.3493421923108402,0.7258199551559644,1.8628619969707816,-0.6789992390940826,1.4912500548043768,2
1,0.0486032530831824,0,-0.6416419157647673,-0.4279320210630441,1.3978331998822444,1.3736796432047622,-0.0185806475182446,-1.183864187852952,0.6672968611207403,0
1,-0.9057837881567202,0,-0.3980226013075277,-1.1882184955849664,1.8018052168099303,1.1245028401090709,0.4746130554060627,-0.8919891393517306,-0.3716006439586271,0
1,1.9824927840166695,1,-0.6416419157647673,1.0926409279808005,0.8285999033023227,0.2274663489645815,0.2249717983703023,0.9657561017844212,-1.26720194144084,0
1,-1.433208205684035,1,-0.3744465386181174,1.8529274025027227,2.365529804068112,1.9218686100152835,0.7973200462083883,-0.9905955746561972,-1.052257630045109,0
1,0.5006813252494522,1,-0.4766094769388953,-1.1882184955849664,-0.6422254856025721,1.2740089219664856,-0.7431491740366719,-0.0084754790237096,1.097185483912203,0
1,0.6011431190641787,0,2.9654956757150055,-0.4279320210630441,1.4878087854706838,-0.9685823058947376,2.958848003469243,-0.7342188428645842,2.4226754041858785,2
1,0.6011431190641787,1,-0.6416419157647673,-1.1882184955849664,1.1187252609140244,-0.9187469452755992,0.4685242442588494,1.348349070765752,-0.0491841768650302,0
1,-0.6797447520735854,1,-0.6416419157647673,1.0926409279808005,2.4665228083000335,-0.719405502799046,1.01651724750808,0.4214485789037649,0.7389449649193177,0
1,2.7108407891734374,1,-0.6416419157647673,1.0926409279808005,1.3831433083576012,1.174338200728209,0.4076361327867126,0.5831631328030903,-0.6223690072536466,0
1,0.7769512582399503,1,-0.6416419157647673,-0.4279320210630441,2.046024663407123,0.1776309883454432,0.8338529130916699,0.6541597662223069,-0.4790727996564923,0
1,-0.9560146850640836,1,-0.6416419157647673,-1.1882184955849664,1.5061711498764878,-1.566606633324397,0.5903004672031229,0.8671496664799545,1.598722210502242,0
1,2.032723680924033,1,-0.6416419157647673,0.3323544534588781,1.823840054096896,1.174338200728209,0.4076361327867126,-0.4029012202415762,-0.2641284882607613,0
1,0.6513740159715421,1,-0.6416419157647673,-1.1882184955849664,1.2013559007401422,-0.4702286997033546,0.2858599098424391,0.3188978861871197,1.312129795307934,0
1,0.726720361332587,0,-0.6416419157647673,2.613213877024645,0.6688473329718282,0.2773017095837198,0.7120766901473964,3.210038569314083,2.3868513522865893,0
1,-0.2778975768146789,0,2.1796269194013296,-1.1882184955849664,-0.1978562669821171,0.1776309883454432,1.4975333281379608,-0.2411866663422508,1.097185483912203,2
1,-1.0062455819714469,1,1.5194971640978416,0.3323544534588781,-1.3730475889535687,-1.1180883877521524,0.3163039655785075,-0.4029012202415762,-0.0133601249657418,2
1,1.153682985045175,1,-0.6416419157647673,-1.1882184955849664,1.7301919956272955,-0.4203933390842163,0.6511885786752597,0.6068286772761625,-1.4463222009372827,0
1,0.9025285005083584,0,-0.6416419157647673,-1.1882184955849664,1.0562932219342915,0.1277956277263049,-0.0185806475182446,-0.4778421110729707,1.4196019510057991,0
1,1.5052992633967182,1,-0.6416419157647673,1.8529274025027227,-0.4604380779851135,-0.8190762240373226,-0.8710142081281591,-0.4581208240120771,-1.5537943566351482,1
1,0.8271821551473136,1,0.6550415321527979,0.3323544534588781,1.23808062955175,0.2274663489645815,1.3514018606048324,0.4845566974986236,-1.4821462528365714,0
1,-0.9811301335177652,0,2.1560508567119188,-1.1882184955849664,0.7092445346645971,-0.370557978465078,2.270812343834097,0.7054351125806292,1.061361432012914,2
1,0.4504504283420888,1,-0.4766094769388953,1.0926409279808005,1.0893454778647382,-0.6197347815607694,0.4746130554060627,0.8395398645947038,0.2374082383292782,0
1,-1.5839008964061247,1,-0.3115770381130234,2.613213877024645,-0.074828425463231,0.4268077914411347,-0.2499554711123641,0.2124029360582958,-0.3716006439586271,1
1,0.1992959438052723,1,1.2680191620774657,3.3735003515465674,-1.2592009296375843,-0.5200640603224929,0.6085669006447637,1.2339656058125703,-0.4432487477572039,1
1,0.9025285005083584,0,-0.4766094769388953,-1.1882184955849664,1.4363941651344327,0.5763138732985496,0.657277389822473,0.8987037257773839,0.2374082383292782,0
1,-1.2322846180545817,0,-0.6416419157647673,-1.1882184955849664,1.3152025600561268,0.8753260370133793,0.2249717983703023,-0.0873606272672826,0.2732322902285666,0
1,0.726720361332587,1,-0.6416419157647673,-0.4279320210630441,1.541059642247515,0.6261492339176878,0.2858599098424391,-0.284573497876216,2.8883880788766296,0
1,1.455068366489355,1,-0.6416419157647673,-1.1882184955849664,-0.2272360500314033,-1.6164419939435353,-0.931902319600296,-1.1286445840824504,0.0224639269335471,0
1,-0.5039366128978139,1,-0.6416419157647673,-1.1882184955849664,2.6611638710015546,-2.6131492063263013,1.1991815819244904,0.697546597756272,1.0255373801136256,0
1,-0.3030130252683606,1,-0.6416419157647673,2.613213877024645,-0.9286783703331136,-1.4669359120861205,-0.931902319600296,0.2597340250044402,0.0224639269335471,1
1,0.5509122221568155,0,-0.6416419157647673,1.8529274025027227,-0.996619118634588,0.2773017095837198,-1.41900721137739,-1.4205196325836718,-1.4104981490379942,1
1,0.2746422891663173,1,-0.4215986639969379,0.3323544534588781,1.583293080380864,-0.1712165359885248,0.6390109563808322,0.2676225398287974,1.4196019510057991,0
1,-0.1020894376389074,1,1.1815735988829608,0.3323544534588781,-1.6484830550406275,-0.6695701421799077,0.3589256436090034,1.4863980801920051,-0.5865449553543582,2
1,-2.1113253139334396,0,-0.3587291634918439,-1.1882184955849664,-0.3117029262981013,0.8753260370133793,-0.2864883379956462,0.5634418457421974,1.2046576396100683,0
1,0.8271821551473136,1,-0.6416419157647673,-1.1882184955849664,2.134164012554982,-0.370557978465078,0.8338529130916699,0.5003337271473387,0.7389449649193177,0
1,1.9322618871093065,0,-0.6416419157647673,0.3323544534588781,-1.014981483040392,1.672691806919592,-1.3581190999052533,-1.1799199304407737,0.4165284978257209,1
1,1.731338299479853,1,-0.6416419157647673,-0.4279320210630441,1.9450316591752013,-2.8124906488028545,0.4076361327867126,-0.659277952033189,-0.5507209034550697,0
1,-0.202551231453634,1,-0.453033414249485,-0.4279320210630441,1.6769411388504645,0.0281249064880283,0.7973200462083883,0.7172678848171649,-0.658193059152935,0
1,-0.5792829582588588,1,-0.6416419157647673,-0.4279320210630441,-1.3069430770926749,0.3769724308219964,-1.175454765488843,0.1769046193486879,-0.8373133186493776,1
1,-0.4034748190830872,1,1.3308886625825591,1.8529274025027227,-1.6521555279217883,-0.6197347815607694,0.2919487209896529,0.6344384791614133,-0.3357765920593381,1
1,1.1787984334988566,1,-0.6416419157647673,0.3323544534588781,1.8275125269780568,0.1776309883454432,0.5294123557309861,0.0112458080371839,-0.8373133186493776,0
1,-0.1272048860925891,1,-0.6416419157647673,-0.4279320210630441,1.7834428524041266,0.2274663489645815,0.7729648016195332,0.906592240601741,0.0224639269335471,0
1,1.6811074025724897,1,-0.6416419157647673,0.3323544534588781,-0.300685507654619,1.672691806919592,-0.4447974278232018,0.7724874885876665,0.4881766016242976,0
1,-0.7299756489809487,1,-0.6416419157647673,1.8529274025027227,1.976247678665068,0.7756553157751027,0.7729648016195332,0.6778253106953783,-1.8762108237287451,0
1,-1.935517174757668,1,-0.6416419157647673,0.3323544534588781,-0.5651035550981958,-1.367265190847844,-1.175454765488843,-1.3810770584618852,-0.5865449553543582,1
1,-1.433208205684035,1,-0.6416419157647673,-1.1882184955849664,2.001954988833194,-0.719405502799046,0.5294123557309861,-0.493619140721685,-0.2641284882607613,0
1,0.4002195314347255,0,-0.6416419157647673,-0.4279320210630441,1.976247678665068,0.8753260370133793,0.8947410245638067,1.1550804575689972,-0.0850082287643186,0
1,1.1034520881378118,1,-0.6416419157647673,-0.4279320210630441,1.2123733193836248,0.7756553157751027,0.6511885786752597,1.6914994656252955,-0.4432487477572039,0
1,0.802066706693632,1,-0.6416419157647673,-1.1882184955849664,-1.1380093245592784,-0.0217104541311099,-1.175454765488843,-0.0360852809089597,0.5598247054228751,1
1,0.5509122221568155,1,-0.6416419157647673,2.613213877024645,1.1462688075227303,-0.6695701421799077,0.2858599098424391,0.49638946973516,-0.7298411629515125,1
1,-0.1523203345462707,1,-0.6416419157647673,3.3735003515465674,-0.939695788976596,0.7258199551559644,-0.931902319600296,0.2991765991262268,-1.4104981490379942,1
1,-2.5131724891923457,1,-0.6416419157647673,2.613213877024645,0.0426907067339142,0.2773017095837198,-0.8101260966560224,-1.302191910218312,-0.0850082287643186,1
1,-0.0769739891852258,1,1.0558345978727728,3.3735003515465674,-0.216218631387921,-0.9685823058947376,0.5050571111421311,-0.7460516151011198,-0.8014892667500892,1
1,-0.0518585407315441,1,-0.6416419157647673,1.0926409279808005,1.407014382085146,-2.8124906488028545,0.3467480213145759,0.2676225398287974,-0.8373133186493776,0
1,1.4801838149430364,1,-0.6416419157647673,-0.4279320210630441,1.012223547360362,1.7723625281578683,0.4076361327867126,1.375958872651002,1.312129795307934,0
1,1.1787984334988566,0,-0.4766094769388953,-1.1882184955849664,0.9865162371922364,-0.9685823058947376,0.1092843865732426,-0.2609079534031437,-0.2283044363614729,0
1,1.153682985045175,1,1.503779788971568,0.3323544534588781,0.3217986457021343,1.672691806919592,1.034783680949721,-1.1799199304407737,-0.0491841768650302,2
1,-0.0518585407315441,1,-0.5473376650071261,4.13378682606849,-0.8093230016953882,0.3271370702028581,-0.8588365858337317,0.1453505600512585,-0.5148968515557808,1
1,-0.4285902675367689,1,-0.6416419157647673,1.0926409279808005,0.8469622677081265,-0.719405502799046,0.3467480213145759,1.4706210505432902,1.4554260029050885,0
1,0.7518358097862686,0,-0.3744465386181174,1.0926409279808005,-1.0553786847331608,-0.8689115846564609,-1.3337638553163986,-1.6216767606047835,1.2404816915093566,1
1,0.1741804953515907,0,-0.3430117883655704,0.3323544534588781,-1.187587708454949,0.6759845945368261,-0.8831918304225866,0.2045144212339387,1.2763057434086458,1
1,0.6764894644252237,1,-0.6416419157647673,-0.4279320210630441,0.8836869965197345,1.4733503644430388,0.5294123557309861,2.0030958011874107,-1.6970905642323024,0
1,1.9071464386556245,1,-0.6416419157647673,1.0926409279808005,1.5851293168214449,-0.4702286997033546,0.5294123557309861,0.4766681826742664,-0.4790727996564923,0
1,1.7062228510261714,1,-0.4451747266863483,1.0926409279808005,1.5961467354649266,0.2274663489645815,0.3163039655785075,-0.8446580504055865,1.2763057434086458,0
1,0.0486032530831824,1,2.3053659204115178,1.8529274025027227,-1.2720545847216471,0.0281249064880283,1.1078494147162854,0.1453505600512585,1.312129795307934,2
1,-0.3281284737220423,1,-0.6416419157647673,1.8529274025027227,-1.7274412219855844,0.5763138732985496,-1.3581190999052533,0.4056715492550506,0.4881766016242976,1
1,-1.1067073757861734,1,-0.6416419157647673,0.3323544534588781,1.7063209218997502,-1.3174298302287055,0.5903004672031229,0.4727239252620879,0.0941120307321239,0
1,-0.0016276438241808,1,-0.6416419157647673,1.8529274025027227,-0.3924973296836387,-0.4203933390842163,-0.8101260966560224,-0.2569636959909652,1.1688335877107798,1
1,0.726720361332587,1,-0.3823052261812542,1.8529274025027227,1.689794793934527,1.4235150038239006,0.8521193465333108,0.7133236274049863,-0.5507209034550697,0
1,1.3294911242209466,1,-0.6416419157647673,1.0926409279808005,-0.4641105508662741,1.0746674794899325,-0.6883498737117489,0.2597340250044402,0.6314728092214519,1
1,-0.6546293036199038,1,-0.6416419157647673,-1.1882184955849664,2.301261528647798,0.2773017095837198,0.7120766901473964,-0.2569636959909652,-0.6223690072536466,0
1,-0.3281284737220423,1,-0.6416419157647673,2.613213877024645,-0.8864449321997645,-0.0715458147502482,-1.114566654016706,-0.5172846851947572,-0.8373133186493776,1
1,-1.860170829396623,1,-0.3587291634918439,0.3323544534588781,0.8543072134704482,-0.2708872572268014,0.5659452226142678,1.4469555060702186,-0.7298411629515125,0
1,0.3499886345273622,1,-0.6416419157647673,4.13378682606849,-0.7432184898344937,-0.5698994209416312,-0.931902319600296,-0.170190032923035,-0.3357765920593381,1
1,0.1741804953515907,1,-0.4294573515600747,0.3323544534588781,2.053369609169445,-0.0715458147502482,0.9373627025943024,0.3977830344306934,1.3479538472072226,0
1,-1.5336699994987617,1,-0.6416419157647673,1.8529274025027227,-0.1850026118980546,0.7258199551559644,-0.931902319600296,-1.1759756730285944,0.0941120307321239,1
1,-0.0267430922778624,1,-0.6416419157647673,1.8529274025027227,-1.220639964385396,-0.2210518966076631,-1.175454765488843,-0.0597508253820318,0.524000653523586,1
1,1.5052992633967182,1,-0.6416419157647673,0.3323544534588781,2.6170941964276255,-0.0217104541311099,1.1382934704523535,0.5792188753909118,-0.8731373705486664,0
1,-1.6592472417671698,1,-0.6416419157647673,2.613213877024645,-0.7652533271214587,0.7258199551559644,-1.175454765488843,-0.8446580504055865,0.0224639269335471,1
1,-1.0313610304251284,0,-0.6416419157647673,-1.1882184955849664,0.479714979592048,-0.1712165359885248,0.1640836868981656,1.506119367252898,0.2732322902285666,0
1,-1.1318228242398551,1,-0.4451747266863483,-1.1882184955849664,0.7735128100849109,0.5763138732985496,0.4989682999949177,1.521896396901613,-1.1239057338436862,0
1,0.6513740159715421,0,-0.6416419157647673,1.8529274025027227,-0.6716052686518588,-2.015124878896642,-0.9927904310724328,-0.4226225073024691,-1.4463222009372827,1
1,-1.1820537211472184,1,-0.4766094769388953,0.3323544534588781,1.243589338873491,-0.7692408634181843,0.4746130554060627,0.480612440086445,-0.0133601249657418,0
1,2.5099172015439843,1,-0.6416419157647673,-0.4279320210630441,0.8469622677081265,0.476643152060273,0.4685242442588494,1.936043425180373,0.3448803940271434,0
1,-0.5792829582588588,1,-0.3272944132392968,1.8529274025027227,-1.4005911355622749,0.7258199551559644,-1.4798953228495266,-1.6374537902534985,0.6314728092214519,1
1,-0.629513855166222,0,-0.6416419157647673,-1.1882184955849664,1.2307356837894288,0.476643152060273,0.2249717983703023,0.105907985929472,1.061361432012914,0
1,0.0486032530831824,1,-0.6416419157647673,3.3735003515465674,-0.0931907898690349,2.519892937444943,-0.8101260966560224,-1.0458151784266985,1.992786781394416,1
1,-0.3532439221757239,1,-0.6416419157647673,-1.1882184955849664,1.1058716058299618,-0.8689115846564609,-0.2012449819346548,-1.3179689398670265,-0.3357765920593381,0
1,0.2495268407126356,1,-0.6416419157647673,-0.4279320210630441,2.1102929388274365,-0.5200640603224929,1.1991815819244904,1.845325504700264,0.2015841864299898,0
1,-0.8304374427956753,0,2.3682354209166117,1.0926409279808005,-0.9929466457534272,-0.4203933390842163,1.6436647956710886,1.478509565367648,1.4196019510057991,2
1,0.3499886345273622,1,-0.6416419157647673,1.0926409279808005,0.8561434499110285,0.0281249064880283,0.4076361327867126,1.4942865950163624,0.7389449649193177,0
1,-0.0267430922778624,1,-0.4844681645020321,0.3323544534588781,1.555749533772158,0.825490676394241,0.4685242442588494,-0.1386359736256056,-0.980609526246532,0
1,0.5006813252494522,1,-0.6416419157647673,1.0926409279808005,1.3831433083576012,-0.370557978465078,0.6511885786752597,1.3010179818196077,-0.5148968515557808,0
1,1.9071464386556245,0,-0.6416419157647673,-0.4279320210630441,1.265624176160456,0.8753260370133793,0.0423074639538921,-0.5646157741409016,0.3807044459264325,0
1,0.2997577376199989,0,-0.6416419157647673,2.613213877024645,-1.057214921173741,0.5763138732985496,-1.4798953228495266,-1.3653000288131707,0.0224639269335471,1
1,-0.6043984067125404,0,1.8809967920021329,-1.1882184955849664,-1.4060998448840156,0.825490676394241,0.8399417242388832,0.697546597756272,0.5956487573221635,2
1,1.1285675365914931,1,-0.6416419157647673,1.8529274025027227,-0.7597446177997172,0.1776309883454432,-1.114566654016706,-0.8288810207568719,-2.270275394620919,1
1,0.9276439489620402,0,-0.6416419157647673,0.3323544534588781,1.9542128413781032,-1.9652895182775032,0.5294123557309861,-0.2727407256396802,0.2732322902285666,0
1,-0.4788211644441322,1,-0.6416419157647673,1.0926409279808005,1.5998192083460872,-0.8689115846564609,0.5294123557309861,0.567386103154376,0.2732322902285666,0
1,-0.4285902675367689,1,-0.6416419157647673,0.3323544534588781,2.007463698154935,-0.0217104541311099,0.8338529130916699,0.646271251397949,0.8822411725164714,0
1,0.802066706693632,1,-0.6416419157647673,0.3323544534588781,2.115801648149178,2.0215393312535603,0.8338529130916699,0.4451141233768371,0.9538892763150488,0
1,-0.629513855166222,1,-0.6416419157647673,1.8529274025027227,-1.3308141508202196,1.971703970634422,-1.0536785425445694,0.7330449144658799,-0.0850082287643186,1
1,1.731338299479853,1,1.6688122277974398,1.8529274025027227,0.3621958473949027,0.9251613976325176,1.1626487150412088,-1.302191910218312,0.2374082383292782,2
1,0.4504504283420888,0,2.3053659204115178,-0.4279320210630441,-0.140932937324125,0.9251613976325176,1.8385067523819263,0.4451141233768371,1.312129795307934,2
1,-0.4285902675367689,1,-0.6416419157647673,-1.1882184955849664,1.840366182062119,0.6261492339176878,0.5294123557309861,0.0230785802737197,0.0582879788328355,0
1,-0.7550910974346303,0,-0.6416419157647673,1.8529274025027227,0.1161401643571299,0.6759845945368261,-0.4447974278232018,-0.0479180531454961,1.2763057434086458,1
1,0.5257967737031338,0,-0.4058812888706644,1.8529274025027227,-0.7303648347504311,0.0281249064880283,-0.7492379851838856,-0.0913048846794612,-0.1924803844621845,1
1,-0.9811301335177652,1,-0.6416419157647673,1.8529274025027227,2.595059359140661,0.2274663489645815,1.320957804868764,1.2734081799343568,0.4523525497250092,0
1,0.4002195314347255,1,-0.3351531008024336,2.613213877024645,-1.1269919059157958,1.2740089219664856,-0.6335505733868259,0.9539233295478854,1.2046576396100683,1
